Review_ID;Number_Words_Review;ZNumber_Words_Review;Prod_Desig;Prod_Design_positive;Prod_Design_negative;Prod_Technical;Prod_Technical_positive;Prod_Technical_negative;Prod_Price;Prod_Price_positive;Prod_Price_negative;Serv_Delivery;Serv_Delivery_positive;Serv_Delivery_negative;Category;Country;Gender;Age;Sentiment;Rating_Score;Purchase;Number_of_Purchases
1;34;-0,178828858;1;1;0;1;1;0;0;0;0;0;0;0;0;1;0;24,56327497;4;5;1;1
2;32;-0,225796385;1;1;0;1;1;0;1;1;0;0;0;0;0;1;0;38,27120469;5;4;0;0
3;54;0,290846409;1;0;1;1;0;1;1;0;1;1;0;1;0;1;0;46,77239881;2;2;0;0
4;20;-0,507601545;1;1;0;1;1;0;0;0;0;0;0;0;0;1;0;31,66539161;5;5;1;2
5;12;-0,695471652;1;1;0;1;1;0;0;0;0;0;0;0;0;1;0;25,31939178;3;5;0;0
6;29;-0,296247675;0;0;0;0;0;0;1;0;1;1;0;1;0;1;0;50,87669151;2;1;0;0
7;21;-0,484117781;1;1;0;1;1;0;1;1;0;0;0;0;0;1;1;34,27604718;5;5;0;0
8;10;-0,742439178;0;0;0;1;1;0;0;0;0;0;0;0;0;1;1;38,94502717;4;5;0;0
9;3;-0,906825522;0;0;0;1;1;0;1;1;0;0;0;0;0;1;1;20,46355334;5;5;0;0
10;78;0,854456729;1;1;0;1;1;0;0;0;0;0;0;0;0;1;1;22,85047959;5;5;1;2
11;2;-0,930309285;0;0;0;0;0;0;1;1;0;0;0;0;0;1;0;24,63434643;3;5;1;1
12;63;0,502200279;1;1;0;1;1;1;1;1;0;0;0;0;0;1;0;20,01808425;5;5;1;1
13;5;-0,859857995;0;0;0;0;0;0;1;1;0;0;0;0;0;1;0;47,22019721;4;5;0;0
14;18;-0,554569071;1;1;0;1;1;0;0;0;0;0;0;0;0;1;0;25,21882287;5;5;0;0
18;81;0,924908019;0;0;0;1;0;1;1;0;1;0;0;0;0;1;0;51,61506284;2;2;0;0
15;72;0,713554149;0;0;0;1;1;1;1;1;0;1;0;1;0;1;0;61,63013372;4;3;0;0
16;26;-0,366698965;0;0;0;1;1;1;1;1;0;0;0;0;0;1;0;45,17226315;4;4;0;0
17;16;-0,601536598;1;1;0;1;1;0;0;0;0;0;0;0;0;1;0;30,30729216;4;5;0;0
19;21;-0,484117781;1;1;0;1;1;0;0;0;0;0;0;0;0;1;1;52,06699171;5;5;1;1
20;8;-0,789406705;0;0;0;1;0;1;0;0;0;0;0;0;0;1;1;19,74332031;2;1;0;0
21;16;-0,601536598;1;1;1;1;1;0;0;0;0;0;0;0;0;1;1;22,72658293;4;5;1;1
22;25;-0,390182728;0;0;0;1;0;1;0;0;0;0;0;0;0;1;1;52,43431224;1;1;0;0
23;38;-0,084893805;1;0;1;1;0;1;0;0;0;0;0;0;0;1;1;28,59433204;1;3;0;0
24;65;0,549167806;0;0;0;1;0;1;1;0;1;0;0;0;0;1;1;28,40677006;1;1;0;0
25;33;-0,202312621;0;0;0;1;1;0;1;1;0;0;0;0;0;1;1;46,67415855;4;5;1;1
26;72;0,713554149;1;1;0;1;1;0;0;0;0;0;0;0;0;1;0;62,83644759;4;5;1;1
27;15;-0,625020362;0;0;0;1;1;1;0;0;0;0;0;0;0;1;1;29,13436714;3;4;0;0
28;12;-0,695471652;1;1;0;1;1;0;1;1;0;0;0;0;0;1;0;33,91033434;4;4;0;0
29;3;-0,906825522;0;0;0;1;1;0;0;0;0;0;0;0;0;1;1;20,48211219;4;5;0;0
30;105;1,48851834;0;0;0;1;1;0;1;1;0;0;0;0;0;1;0;52,70228862;5;5;0;0
31;8;-0,789406705;1;1;0;0;0;0;0;0;0;0;0;0;0;1;1;23,63109633;4;5;1;1
32;25;-0,390182728;1;1;1;1;1;0;0;0;0;0;0;0;0;1;0;20,7680217;3;5;0;0
33;156;2,686190271;1;0;1;0;0;0;0;0;0;1;0;1;0;1;1;26,83691495;2;3;0;0
34;12;-0,695471652;1;0;1;1;1;0;0;0;0;0;0;0;0;1;0;22,679216;4;4;0;0
35;11;-0,718955415;0;0;0;1;0;1;0;0;0;0;0;0;0;1;0;49,76589409;2;1;0;0
36;129;2,05212866;1;1;1;1;1;1;0;0;0;0;0;0;0;1;0;50,55464928;3;4;0;0
37;135;2,19303124;1;1;1;1;1;0;0;0;0;0;0;0;0;1;0;58,73918035;4;4;1;2
38;94;1,230196943;1;1;0;1;1;0;0;0;0;0;0;0;0;1;0;34,50785798;4;5;0;0
39;44;0,056008776;0;0;0;1;0;1;0;0;0;0;0;0;0;1;0;41,33189693;2;3;0;0
40;27;-0,343215201;1;1;1;1;1;0;0;0;0;0;0;0;0;1;1;50,99296276;4;5;0;0
41;48;0,149943829;1;1;0;1;1;0;0;0;0;0;0;0;0;1;1;27,68238792;4;5;0;0
42;57;0,361297699;1;1;0;0;0;0;0;0;0;0;0;0;0;1;1;54,34936061;5;5;1;1
43;37;-0,108377568;0;0;0;1;1;0;1;1;0;0;0;0;0;1;1;21,14523521;4;4;0;0
44;61;0,455232753;1;0;1;0;0;0;0;0;0;0;0;0;0;1;1;42,77252402;4;4;0;0
45;31;-0,249280148;1;1;0;1;1;0;0;0;0;0;0;0;0;1;1;49,10642737;4;5;0;0
46;10;-0,742439178;0;0;0;1;1;0;0;0;0;0;0;0;0;1;1;61,98263502;5;5;0;0
47;9;-0,765922942;0;0;0;1;1;0;0;0;0;0;0;0;0;1;1;32,83734268;5;5;1;2
48;12;-0,695471652;1;1;0;0;0;0;0;0;0;0;0;0;0;1;1;42,5680255;5;5;1;1
49;42;0,009041249;1;1;0;1;1;0;1;1;0;0;0;0;0;1;1;53,99494569;4;5;0;0
50;142;2,357417584;1;1;1;1;1;0;0;0;0;0;0;0;0;1;1;23,97241322;4;4;0;0
51;42;0,009041249;0;0;0;1;1;1;1;1;0;0;0;0;1;1;1;44,28970179;5;4;1;1
52;13;-0,671987888;0;0;0;1;1;1;0;0;0;0;0;0;1;1;1;64,18293604;3;5;0;0
53;28;-0,319731438;1;1;0;1;1;0;0;0;0;0;0;0;1;1;1;33,28729287;5;5;0;0
54;40;-0,037926278;1;1;0;1;1;0;1;1;0;0;0;0;1;1;1;43,16862579;5;5;1;1
55;95;1,253680706;1;1;0;1;1;1;0;0;0;0;0;0;1;1;1;41,86084993;4;5;0;0
56;6;-0,836374232;0;0;0;1;1;0;0;0;0;0;0;0;1;1;1;31,25378178;5;5;0;0
57;25;-0,390182728;1;1;0;1;1;0;0;0;0;0;0;0;1;1;1;34,31867575;4;5;0;0
58;29;-0,296247675;0;0;0;1;1;0;0;0;0;0;0;0;1;1;1;61,29098001;5;5;0;0
59;37;-0,108377568;1;1;0;1;1;0;0;0;0;0;0;0;1;1;1;37,18295854;5;5;1;1
60;30;-0,272763911;1;1;0;1;1;0;0;0;0;1;1;0;1;1;1;22,49971473;5;5;1;1
61;14;-0,648504125;1;1;0;1;1;0;1;1;0;0;0;0;1;1;1;33,69288202;5;5;1;1
62;27;-0,343215201;1;0;1;1;0;1;0;0;0;0;0;0;1;1;1;47,17623959;2;2;0;0
63;198;3,672508331;1;1;1;1;1;1;1;1;0;0;0;0;1;1;1;48,13316429;4;4;0;0
64;17;-0,578052835;0;0;0;1;1;0;0;0;0;0;0;0;1;1;1;53,35036604;5;5;0;0
65;46;0,102976302;1;1;0;1;1;0;0;0;0;0;0;0;1;1;1;27,63275425;4;5;0;0
66;21;-0,484117781;1;1;0;1;1;0;0;0;0;0;0;0;1;1;1;24,73318828;4;5;0;0
67;26;-0,366698965;0;0;0;1;1;0;0;0;0;0;0;0;1;1;1;38,95639311;5;5;1;1
68;40;-0,037926278;1;1;0;1;1;0;0;0;0;0;0;0;1;1;0;35,34599565;5;5;0;0
69;60;0,431748989;1;1;0;1;1;0;0;0;0;0;0;0;1;1;0;40,8081495;4;5;0;0
70;51;0,220395119;0;0;0;1;1;1;1;1;0;0;0;0;1;1;0;22,66557467;2;3;0;0
71;16;-0,601536598;1;1;0;1;1;0;0;0;0;0;0;0;1;1;0;52,10558882;4;5;0;0
72;15;-0,625020362;0;0;0;1;1;0;0;0;0;0;0;0;1;1;0;19,75081398;2;5;0;0
73;74;0,760521676;1;1;0;1;1;0;1;1;0;0;0;0;1;1;0;26,21077091;4;5;0;1
74;34;-0,178828858;1;1;1;1;1;0;0;0;0;0;0;0;1;1;0;31,55252468;4;4;0;0
75;26;-0,366698965;0;0;0;1;1;0;1;1;0;0;0;0;1;1;0;49,4369124;4;5;0;0
76;35;-0,155345095;1;1;0;1;1;0;1;1;0;0;0;0;1;1;0;53,7766671;4;4;0;0
77;45;0,079492539;0;0;0;1;1;0;1;1;0;0;0;0;1;1;0;55,74731146;4;5;0;0
78;100;1,371099523;1;1;0;1;1;0;0;0;0;0;0;0;1;1;0;51,03432456;5;5;0;1
79;2;-0,930309285;0;0;0;1;1;0;0;0;0;0;0;0;1;1;0;20,2518996;4;5;0;0
80;15;-0,625020362;0;0;0;1;1;0;0;0;0;0;0;0;1;1;0;36,53025716;5;5;0;0
81;7;-0,812890468;0;0;0;1;1;0;0;0;0;0;0;0;1;1;0;28,74515712;4;5;1;1
82;61;0,455232753;1;1;0;1;1;0;1;1;0;0;0;0;1;1;1;52,13212318;5;5;1;1
83;56;0,337813936;1;1;1;1;1;0;0;0;0;0;0;0;1;1;1;59,47585952;5;5;0;0
84;11;-0,718955415;0;0;1;1;0;0;0;0;0;0;0;0;1;1;1;26,56443067;5;5;0;0
85;132;2,12257995;1;1;0;1;1;0;0;0;0;0;0;0;1;1;1;31,14541705;4;5;0;0
86;77;0,830972966;1;1;0;1;1;0;0;0;0;0;0;0;1;1;1;50,6906278;5;5;0;0
87;40;-0,037926278;1;1;0;0;0;0;0;0;0;0;0;0;1;1;1;60,420865;5;5;0;0
88;99;1,34761576;1;1;0;1;1;0;0;0;0;0;0;0;1;1;1;23,7722303;5;5;1;2
89;73;0,737037913;0;0;0;1;1;0;0;0;0;0;0;0;1;1;1;41,8617473;5;5;0;0
90;141;2,33393382;1;1;1;0;0;0;0;0;0;0;0;0;1;1;0;23,51231048;4;3;0;0
91;56;0,337813936;0;0;0;1;1;0;0;0;0;0;0;0;1;1;0;61,46207471;5;5;1;1
92;81;0,924908019;0;0;0;1;1;1;0;0;0;0;0;0;1;1;1;42,31229897;2;3;0;0
93;66;0,572651569;1;1;0;1;1;0;0;0;0;0;0;0;1;1;1;30,75607174;5;5;0;0
94;6;-0,836374232;0;0;0;0;0;0;1;1;0;0;0;0;1;1;1;48,29790456;4;4;0;1
95;116;1,746839737;1;1;0;1;1;1;1;1;0;0;0;0;1;1;1;48,25792506;4;4;1;1
96;31;-0,249280148;1;1;0;1;1;0;0;0;0;0;0;0;1;1;1;58,08294083;5;4;0;1
97;73;0,737037913;1;1;1;0;0;0;0;0;0;0;0;0;1;1;0;21,06205931;5;5;1;1
98;20;-0,507601545;0;0;0;1;1;0;0;0;0;0;0;0;1;1;0;37,11950736;4;5;0;0
99;66;0,572651569;1;1;0;0;0;0;0;0;0;0;0;0;1;1;0;44,63494493;5;4;0;0
100;46;0,102976302;0;0;0;1;1;1;0;0;0;0;0;0;1;1;0;57,634638;2;1;0;0
101;72;0,713554149;1;0;1;0;0;0;0;0;0;0;0;0;2;1;0;26,69509287;1;1;0;0
102;65;0,549167806;1;0;1;1;1;0;0;0;0;0;0;0;2;1;0;29,40207492;5;5;0;0
103;3;-0,906825522;0;0;0;1;1;0;0;0;0;0;0;0;2;1;0;26,8029856;3;5;0;0
104;15;-0,625020362;1;1;0;1;1;0;0;0;0;0;0;0;2;1;0;64,59942605;4;5;0;0
105;289;5,809530796;1;0;1;1;1;1;0;0;0;0;0;0;2;1;0;30,8107392;4;3;0;0
106;457;9,754803039;1;0;1;1;0;1;1;0;1;0;0;0;2;1;0;49,29385353;2;1;0;0
107;54;0,290846409;1;0;1;1;0;1;0;0;0;0;0;0;2;1;0;49,4629557;2;1;0;0
108;17;-0,578052835;0;0;0;1;1;0;0;0;0;0;0;0;2;1;0;46,25829507;5;5;0;0
109;17;-0,578052835;1;1;1;1;1;0;0;0;0;0;0;0;2;1;0;61,7168572;5;5;0;0
110;30;-0,272763911;1;1;0;1;1;0;1;1;0;0;0;0;2;1;0;57,30329778;5;5;1;1
111;44;0,056008776;0;0;0;1;1;1;1;1;0;0;0;0;2;1;0;62,51751829;4;5;0;0
112;43;0,032525012;0;0;0;1;1;0;0;0;0;0;0;0;2;1;0;43,31359496;5;5;0;1
113;224;4,283086178;1;0;1;1;1;1;0;0;0;0;0;0;2;1;0;59,00294577;4;5;0;0
114;58;0,384781462;0;0;0;1;1;1;0;0;0;0;0;0;2;1;0;51,24527208;5;5;0;1
115;35;-0,155345095;1;0;1;1;1;1;0;0;0;0;0;0;2;1;1;36,07858013;2;4;0;0
116;30;-0,272763911;1;1;1;1;0;1;0;0;0;0;0;0;2;1;1;40,75364484;2;3;0;0
117;87;1,0658106;0;0;0;1;1;0;1;1;0;0;0;0;2;1;1;18,6878003;4;5;0;0
118;3;-0,906825522;0;0;0;0;0;0;1;1;0;0;0;0;2;1;1;26,92847745;5;5;0;0
119;20;-0,507601545;0;0;0;1;1;1;0;0;0;0;0;0;2;1;1;45,34707067;2;4;0;0
120;20;-0,507601545;1;1;0;1;1;0;0;0;0;0;0;0;2;1;1;63,8825519;4;5;0;0
121;66;0,572651569;1;0;1;1;0;1;1;0;1;0;0;0;2;1;0;49,04284122;2;4;1;2
122;86;1,042326836;1;0;1;1;0;1;1;0;1;0;0;0;2;1;0;52,90196488;1;2;0;0
123;21;-0,484117781;1;0;1;1;0;1;0;0;0;0;0;0;2;1;0;31,53495591;2;2;0;0
124;71;0,690070386;1;1;0;1;1;1;0;0;0;0;0;0;2;1;0;35,41158307;4;5;0;0
125;84;0,99535931;1;1;0;1;0;1;0;0;0;0;0;0;2;1;0;48,82589258;5;4;0;0
126;7;-0,812890468;0;0;0;0;0;0;0;0;0;1;1;0;2;1;0;19,83944091;5;5;0;0
127;45;0,079492539;1;1;1;1;1;1;0;0;0;0;0;0;2;1;0;56,18582532;5;5;0;0
128;9;-0,765922942;1;1;0;0;0;0;0;0;0;0;0;0;2;1;0;44,29012879;5;5;0;1
129;71;0,690070386;1;1;0;1;0;1;1;0;1;0;0;0;2;1;0;46,31058579;1;2;0;0
130;115;1,723355973;1;1;0;1;0;1;0;0;0;0;0;0;2;1;0;53,53688347;2;1;0;0
131;11;-0,718955415;1;0;1;1;1;0;0;0;0;0;0;0;2;1;1;23,06258055;3;4;0;0
132;128;2,028644897;1;0;1;1;0;1;0;0;0;0;0;0;2;1;1;35,63670082;3;5;0;1
133;16;-0,601536598;1;0;1;1;1;0;0;0;0;0;0;0;2;1;1;53,16960744;5;5;0;0
134;6;-0,836374232;0;0;0;0;0;0;0;0;0;1;1;0;2;1;1;62,57007786;5;5;0;0
135;18;-0,554569071;1;0;1;0;0;0;0;0;0;0;0;0;2;1;1;38,90338286;1;1;0;0
136;81;0,924908019;1;1;0;1;0;1;1;0;1;0;0;0;2;1;1;51,54203227;2;1;0;0
137;18;-0,554569071;1;1;0;0;0;0;0;0;0;0;0;0;2;1;1;45,12792668;5;5;0;0
138;105;1,48851834;1;1;0;1;1;0;0;0;0;0;0;0;2;1;0;20,22370345;5;5;0;1
139;50;0,196911356;0;0;0;0;0;0;1;0;1;0;0;0;2;1;0;42,72590264;1;1;0;0
140;17;-0,578052835;1;0;1;1;0;1;0;0;0;0;0;0;2;1;0;34,68523571;1;1;0;0
141;14;-0,648504125;0;0;0;1;0;1;0;0;0;0;0;0;2;1;0;40,33158907;2;3;0;0
142;30;-0,272763911;1;1;0;1;0;1;0;0;0;0;0;0;2;1;0;63,87413885;5;5;0;1
143;39;-0,061410041;1;0;1;1;0;1;0;0;0;0;0;0;2;1;0;49,8998982;2;1;0;0
144;49;0,173427592;1;1;0;1;1;0;0;0;0;0;0;0;2;1;0;50,90570006;5;5;0;0
145;66;0,572651569;1;0;1;1;0;1;1;0;1;0;0;0;2;1;0;19,17821609;1;2;0;0
146;17;-0,578052835;0;0;0;1;1;0;0;0;0;0;0;0;2;1;0;18,58182215;5;5;0;1
147;44;0,056008776;1;1;0;1;1;0;0;0;0;0;0;0;2;1;0;54,74146316;5;5;0;1
148;23;-0,437150255;0;0;0;1;0;1;1;0;1;0;0;0;2;1;1;59,70486991;1;2;0;0
149;175;3,132381774;1;0;1;1;1;1;0;0;0;0;0;0;2;1;1;43,02032678;2;3;0;0
150;35;-0,155345095;0;0;0;1;0;1;0;0;0;0;0;0;2;1;0;27,29327262;1;2;0;0
151;10;-0,742439178;1;1;0;1;1;0;0;0;0;0;0;0;0;0;0;49,91725238;5;5;0;0
152;17;-0,578052835;1;1;0;1;1;0;1;1;0;0;0;0;0;0;1;38,70516544;5;5;0;0
153;22;-0,460634018;1;1;1;1;1;0;1;1;0;0;0;0;0;0;0;37,29571353;4;5;0;0
154;20;-0,507601545;1;1;0;1;1;0;0;0;0;0;0;0;0;0;1;41,45559601;5;4;0;0
155;11;-0,718955415;1;1;0;1;1;0;0;0;0;0;0;0;0;0;0;30,61522032;5;5;0;0
156;108;1,55896963;1;1;1;1;1;0;0;0;0;0;0;0;0;0;1;20,94266991;5;5;0;1
157;9;-0,765922942;1;1;0;1;1;0;0;0;0;0;0;0;0;0;1;44,31252516;3;5;0;0
158;6;-0,836374232;1;1;1;1;1;0;0;0;0;0;0;0;0;0;1;53,69428794;2;4;0;0
159;4;-0,883341758;1;1;0;1;1;0;0;0;0;0;0;0;0;0;1;20,83170954;4;5;0;1
160;9;-0,765922942;1;1;0;1;1;0;0;0;0;0;0;0;0;0;1;51,71425658;5;5;0;1
161;6;-0,836374232;1;1;0;1;1;0;1;1;0;0;0;0;0;0;0;25,49372977;4;5;0;0
162;3;-0,906825522;0;0;0;1;1;0;1;1;0;0;0;0;0;0;0;37,3574628;5;5;0;1
163;43;0,032525012;1;1;1;1;1;0;0;0;0;0;0;0;0;0;0;63,5307041;5;5;0;0
164;8;-0,789406705;0;0;0;1;1;0;0;0;0;0;0;0;0;0;0;51,85426061;5;5;0;0
165;9;-0,765922942;1;0;1;1;1;0;0;0;0;0;0;0;0;0;0;34,952381;4;4;0;0
166;7;-0,812890468;1;1;0;1;1;1;0;0;0;0;0;0;0;0;0;46,24291145;5;5;0;1
167;46;0,102976302;1;1;1;0;0;0;0;0;0;0;0;0;0;0;0;49,23764813;5;5;0;0
168;46;0,102976302;1;1;1;1;1;0;0;0;0;0;0;0;0;0;0;33,43728107;5;5;0;1
169;3;-0,906825522;0;0;0;1;1;0;1;1;0;0;0;0;0;0;0;38,75297066;5;4;0;0
170;14;-0,648504125;1;1;0;1;1;0;0;0;0;1;1;0;0;0;0;42,80402474;5;5;0;1
171;39;-0,061410041;1;1;0;1;1;0;0;0;0;0;0;0;0;0;0;19,33640135;5;5;0;0
172;16;-0,601536598;0;0;0;1;1;0;1;1;0;0;0;0;0;0;0;41,71583604;5;5;0;0
173;15;-0,625020362;1;0;1;1;1;0;0;0;0;0;0;0;0;0;0;19,82076905;2;3;0;0
174;61;0,455232753;1;0;1;1;0;1;0;0;0;0;0;0;0;0;0;19,43861991;1;1;0;0
175;19;-0,531085308;1;1;1;1;1;0;1;1;0;0;0;0;0;0;1;20,00138064;5;5;0;2
176;16;-0,601536598;1;0;1;0;0;0;0;0;0;0;0;0;0;0;1;60,00296601;2;1;0;0
177;109;1,582453393;1;0;1;0;0;0;0;0;0;0;0;0;0;0;1;48,7937437;1;1;0;0
178;58;0,384781462;1;0;1;1;0;1;0;0;0;0;0;0;0;0;1;18,28371876;2;2;0;0
179;11;-0,718955415;1;1;0;1;1;0;0;0;0;0;0;0;0;0;1;21,11886597;5;5;0;0
180;9;-0,765922942;1;1;0;1;1;0;1;1;0;0;0;0;0;0;1;19,85593514;5;5;0;0
181;40;-0,037926278;0;0;0;1;1;0;0;0;0;0;0;0;0;0;1;18,16849861;4;5;0;1
182;9;-0,765922942;1;0;1;1;1;0;0;0;0;0;0;0;0;0;1;28,29430415;3;4;0;0
183;74;0,760521676;1;1;1;1;1;0;0;0;0;0;0;0;0;0;0;27,04252113;3;4;0;0
184;49;0,173427592;1;0;1;1;0;1;0;0;0;0;0;0;0;0;0;62,70665633;1;1;0;0
185;8;-0,789406705;0;0;0;1;1;0;1;1;0;0;0;0;0;0;1;49,70137375;5;5;0;0
186;23;-0,437150255;1;1;1;1;1;0;1;1;0;0;0;0;0;0;1;44,18445572;3;5;0;0
187;14;-0,648504125;0;0;0;1;1;0;0;0;0;0;0;0;0;0;1;44,90006754;3;5;0;0
188;112;1,652904683;1;0;1;1;0;1;0;0;0;0;0;0;0;0;1;22,61940302;1;1;0;0
189;25;-0,390182728;1;1;0;1;1;0;1;1;0;0;0;0;0;0;1;28,08921903;4;4;0;0
190;3;-0,906825522;1;1;0;0;0;0;0;0;0;0;0;0;0;0;0;61,69160999;3;4;0;0
191;18;-0,554569071;0;0;0;1;1;0;1;1;0;0;0;0;0;0;0;56,76186109;4;4;0;2
192;8;-0,789406705;1;1;0;0;0;0;0;0;0;0;0;0;0;0;0;56,87429794;4;5;0;0
193;28;-0,319731438;1;1;1;0;0;0;0;0;0;0;0;0;0;0;0;46,88217736;4;5;0;0
194;15;-0,625020362;1;1;0;0;0;0;0;0;0;0;0;0;0;0;0;33,95469255;3;4;0;0
195;72;0,713554149;1;1;1;0;0;0;1;1;0;0;0;0;0;0;0;61,95379705;2;3;0;0
196;16;-0,601536598;1;1;0;1;1;0;0;0;0;0;0;0;0;0;0;29,05382586;5;5;0;0
197;15;-0,625020362;1;1;0;1;1;0;1;1;0;1;1;0;0;0;0;56,88937041;5;5;0;1
198;20;-0,507601545;0;0;0;1;0;1;0;0;0;0;0;0;0;0;0;30,55719391;2;1;0;0
199;11;-0,718955415;0;0;0;1;1;0;1;1;0;0;0;0;0;0;0;22,51099991;4;5;0;0
200;17;-0,578052835;1;1;0;0;0;0;1;1;0;0;0;0;0;0;0;24,5168401;5;4;0;0
201;43;0,032525012;1;1;1;1;1;0;1;1;0;0;0;0;1;0;0;35,64795414;5;5;0;0
202;12;-0,695471652;0;0;0;1;1;0;0;0;0;0;0;0;1;0;0;29,63498747;5;5;0;1
203;56;0,337813936;1;1;0;1;1;0;0;0;0;0;0;0;1;0;0;29,93080299;5;4;0;2
204;21;-0,484117781;1;1;0;1;1;0;0;0;0;0;0;0;1;0;0;60,62829171;4;5;0;0
205;36;-0,131861331;1;1;0;1;1;0;1;1;0;0;0;0;1;0;0;42,95436881;4;4;0;0
206;17;-0,578052835;1;1;0;1;1;0;1;1;0;0;0;0;1;0;0;38,01585564;5;5;1;1
207;81;0,924908019;1;1;1;1;1;1;1;1;0;0;0;0;1;0;0;25,85728576;5;5;1;1
208;16;-0,601536598;1;1;0;1;1;0;1;1;0;0;0;0;1;0;1;61,63458819;5;5;0;0
209;21;-0,484117781;1;1;0;1;1;0;1;1;0;0;0;0;1;0;1;18,46854984;4;5;0;0
210;42;0,009041249;1;1;0;1;1;0;1;1;0;0;0;0;1;0;1;37,65322631;4;5;0;0
211;39;-0,061410041;1;1;0;1;1;0;1;1;0;0;0;0;1;0;1;63,39485487;4;5;0;2
212;42;0,009041249;1;1;1;1;1;0;0;0;0;0;0;0;1;0;1;38,83911388;5;4;0;1
213;38;-0,084893805;1;1;0;1;1;0;0;0;0;0;0;0;1;0;1;59,04221581;5;5;0;0
214;42;0,009041249;1;1;1;1;1;0;1;1;0;0;0;0;1;0;0;53,32707875;4;4;0;1
215;12;-0,695471652;1;1;1;1;1;0;1;1;0;0;0;0;1;0;0;54,49655398;5;5;0;0
216;14;-0,648504125;1;1;0;1;1;0;0;0;0;0;0;0;1;0;0;38,57500575;4;5;0;1
217;36;-0,131861331;1;1;0;1;1;0;0;0;0;0;0;0;1;0;0;26,84740206;4;5;0;0
218;47;0,126460066;0;0;0;1;1;0;0;0;0;0;0;0;1;0;0;29,47807167;4;5;0;1
219;55;0,314330172;1;0;1;1;1;0;0;0;0;0;0;0;1;0;0;24,84184641;4;4;0;0
220;27;-0,343215201;1;1;1;1;1;0;0;0;0;1;1;0;1;0;0;51,17035968;5;5;0;1
221;39;-0,061410041;1;1;0;1;1;0;0;0;0;0;0;0;1;0;0;36,65424555;4;5;0;0
222;54;0,290846409;1;0;1;1;1;0;1;1;0;0;0;0;1;0;0;56,31730713;4;5;0;0
223;28;-0,319731438;1;1;0;1;0;1;0;0;0;0;0;0;1;0;0;26,7208182;2;3;0;0
224;17;-0,578052835;1;0;1;1;1;0;0;0;0;0;0;0;1;0;1;62,48162724;4;4;0;0
225;37;-0,108377568;1;1;1;1;1;0;0;0;0;1;1;0;1;0;1;58,6760653;3;5;0;1
226;22;-0,460634018;1;1;0;1;1;0;0;0;0;0;0;0;1;0;1;40,43501258;4;5;0;0
227;10;-0,742439178;1;1;0;1;1;0;0;0;0;0;0;0;1;0;1;47,5309165;5;5;0;0
228;39;-0,061410041;1;0;1;1;1;1;0;0;0;0;0;0;1;0;1;54,09138327;4;3;0;0
229;15;-0,625020362;1;0;1;1;1;0;0;0;0;0;0;0;1;0;1;48,63789607;2;3;0;1
230;22;-0,460634018;1;1;1;1;1;0;1;1;0;0;0;0;1;0;1;26,50435077;4;4;0;1
231;25;-0,390182728;1;1;0;1;1;0;1;1;0;0;0;0;1;0;0;18,70416914;5;5;0;0
232;33;-0,202312621;0;0;0;1;1;0;1;1;0;0;0;0;1;0;0;52,33471271;4;4;0;1
233;24;-0,413666491;1;1;0;1;1;0;0;0;0;0;0;0;1;0;0;46,35340366;4;5;0;0
234;11;-0,718955415;0;0;0;1;1;0;1;1;0;0;0;0;1;0;0;63,72235669;5;5;0;1
235;55;0,314330172;1;0;1;1;1;0;0;0;0;0;0;0;1;0;0;53,75516407;3;4;0;0
236;13;-0,671987888;1;1;0;1;1;0;0;0;0;0;0;0;1;0;0;39,0658342;5;5;0;0
237;13;-0,671987888;0;0;0;1;1;0;1;1;0;0;0;0;1;0;1;40,55568452;5;5;0;0
238;49;0,173427592;1;1;1;1;1;1;1;1;0;0;0;0;1;0;1;39,94094344;2;3;0;0
239;23;-0,437150255;1;1;0;1;1;0;0;0;0;0;0;0;1;0;1;52,96685619;5;4;0;1
240;16;-0,601536598;1;1;0;1;1;0;0;0;0;0;0;0;1;0;1;43,33639822;5;5;0;0
241;17;-0,578052835;1;1;1;1;1;0;0;0;0;0;0;0;1;0;1;49,42601934;5;5;0;0
242;88;1,089294363;1;0;1;1;1;0;1;1;0;0;0;0;1;0;1;61,74779361;4;5;0;0
243;35;-0,155345095;1;1;1;1;1;0;0;0;0;0;0;0;1;0;1;24,01295801;5;4;0;0
244;26;-0,366698965;0;0;0;1;1;0;1;1;0;0;0;0;1;0;1;53,18083493;5;5;0;0
245;27;-0,343215201;0;0;0;1;1;0;1;1;0;0;0;0;1;0;0;27,01133557;5;5;0;1
246;43;0,032525012;1;1;0;1;1;0;0;0;0;0;0;0;1;0;0;20,14393797;5;5;0;1
247;24;-0,413666491;1;1;0;1;1;0;0;0;0;0;0;0;1;0;1;36,01092542;4;5;0;0
248;25;-0,390182728;1;1;0;1;1;0;0;0;0;0;0;0;1;0;1;32,29139064;4;4;0;0
249;61;0,455232753;1;1;0;1;1;0;1;1;0;0;0;0;1;0;1;37,03266396;4;5;0;1
250;13;-0,671987888;1;1;0;0;0;0;0;0;0;0;0;0;1;0;1;60,23766769;4;3;0;0
251;18;-0,554569071;1;1;0;1;1;1;0;0;0;0;0;0;2;0;1;19,96897841;3;5;0;0
252;26;-0,366698965;1;1;0;1;1;1;0;0;0;0;0;0;2;0;0;52,49195562;4;5;0;0
253;23;-0,437150255;1;1;0;1;1;1;0;0;0;0;0;0;2;0;0;25,61908261;3;5;0;0
254;8;-0,789406705;1;1;0;0;0;0;0;0;0;1;1;0;2;0;0;23,63966246;5;5;0;0
255;5;-0,859857995;0;0;0;1;1;1;0;0;0;0;0;0;2;0;0;49,43699147;5;5;0;2
256;11;-0,718955415;1;0;1;1;1;0;0;0;0;0;0;0;2;0;0;19,45561117;4;4;0;0
257;53;0,267362646;1;1;1;1;1;0;0;0;0;0;0;0;2;0;0;52,48220489;3;5;0;0
258;8;-0,789406705;0;0;0;1;1;0;0;0;0;1;1;0;2;0;0;30,59956591;5;5;0;1
259;9;-0,765922942;0;0;0;1;1;0;0;0;0;0;0;0;2;0;0;29,99526962;5;5;0;0
260;14;-0,648504125;1;1;0;1;1;0;0;0;0;1;1;0;2;0;0;24,78560715;5;5;0;3
261;33;-0,202312621;1;1;0;1;1;0;0;0;0;0;0;0;2;0;0;28,70119587;5;5;0;0
262;42;0,009041249;1;1;0;0;0;0;0;0;0;0;0;0;2;0;0;41,96849486;2;3;0;0
263;87;1,0658106;1;1;0;1;1;0;1;0;1;0;0;0;2;0;0;59,57900321;3;4;0;0
264;10;-0,742439178;0;0;0;0;0;0;1;1;0;1;1;0;2;0;0;22,13781508;5;5;0;1
265;16;-0,601536598;1;1;1;0;0;0;0;0;0;0;0;0;2;0;0;54,87811093;3;5;0;0
266;303;6,138303483;0;0;0;1;1;1;0;0;0;0;0;0;2;0;0;59,99641625;2;3;0;0
267;65;0,549167806;1;1;0;1;1;0;1;0;1;0;0;0;2;0;0;48,39798617;4;5;0;1
268;45;0,079492539;1;1;0;0;0;0;0;0;0;1;0;1;2;0;0;38,51355058;3;5;0;0
269;42;0,009041249;1;1;0;1;1;0;0;0;0;0;0;0;2;0;0;29,54191761;5;5;0;2
270;33;-0,202312621;1;1;0;1;1;0;0;0;0;0;0;0;2;0;1;57,69059458;4;5;0;1
271;11;-0,718955415;1;1;0;0;0;0;0;0;0;0;0;0;2;0;1;50,26632105;5;5;0;1
272;17;-0,578052835;0;0;0;1;1;0;0;0;0;1;1;0;2;0;1;39,79281216;5;4;0;0
273;12;-0,695471652;1;1;0;1;1;0;0;0;0;0;0;0;2;0;1;64,39662934;4;5;0;0
274;22;-0,460634018;0;0;0;0;0;0;0;0;0;1;0;1;2;0;1;50,71595608;1;1;0;0
275;25;-0,390182728;0;0;0;1;1;0;1;0;1;0;0;0;2;0;1;18,72615689;4;5;0;1
276;9;-0,765922942;1;1;0;0;0;0;0;0;0;0;0;0;2;0;0;39,21978091;5;5;0;1
277;24;-0,413666491;0;0;0;1;1;1;0;0;0;0;0;0;2;0;0;35,90696339;3;4;0;0
278;64;0,525684043;1;1;1;1;1;1;0;0;0;0;0;0;2;0;0;39,75194002;3;3;0;0
279;17;-0,578052835;0;0;0;1;1;0;0;0;0;0;0;0;2;0;0;32,70312526;4;5;0;1
280;10;-0,742439178;1;1;0;0;0;0;0;0;0;1;1;0;2;0;0;58,89231687;5;5;0;1
281;27;-0,343215201;1;1;0;1;1;0;1;1;0;0;0;0;2;0;0;23,77864141;5;5;0;1
282;16;-0,601536598;1;1;0;1;1;0;0;0;0;0;0;0;2;0;0;54,57715314;4;5;0;0
283;162;2,827092851;1;1;0;1;1;1;0;0;0;0;0;0;2;0;0;26,21783711;4;5;0;0
284;28;-0,319731438;0;0;0;1;1;1;0;0;0;0;0;0;2;0;0;58,35100649;4;5;0;0
285;19;-0,531085308;1;1;0;1;0;1;1;0;1;0;0;0;2;0;0;37,82797188;3;4;0;0
286;16;-0,601536598;1;1;0;0;0;0;1;0;1;0;0;0;2;0;1;29,09870261;4;5;0;0
287;24;-0,413666491;0;0;0;1;1;1;1;1;0;0;0;0;2;0;1;19,31489464;3;5;0;0
288;24;-0,413666491;0;0;0;1;1;1;0;0;0;0;0;0;2;0;1;21,56990747;2;3;0;0
289;9;-0,765922942;0;0;0;1;1;0;0;0;0;0;0;0;2;0;1;57,52163021;5;5;0;2
290;31;-0,249280148;1;1;0;1;1;1;0;0;0;0;0;0;2;0;1;31,11494288;4;5;0;0
291;56;0,337813936;1;1;0;1;1;1;0;0;0;0;0;0;2;0;1;56,22627577;3;3;0;0
292;18;-0,554569071;1;1;0;1;1;1;0;0;0;0;0;0;2;0;1;35,6202523;4;5;0;0
293;8;-0,789406705;1;1;0;0;0;0;0;0;0;0;0;0;2;0;0;53,67368622;5;4;0;2
294;8;-0,789406705;0;0;0;1;0;1;0;0;0;0;0;0;2;0;0;57,19210165;2;4;0;0
295;22;-0,460634018;0;0;0;1;0;1;0;0;0;0;0;0;2;0;0;50,32954991;2;1;0;0
296;30;-0,272763911;1;1;0;1;1;1;0;0;0;0;0;0;2;0;0;24,71772209;3;5;0;1
297;182;3,296768118;1;1;0;1;1;1;0;0;0;0;0;0;2;0;0;32,87971492;4;5;0;1
298;10;-0,742439178;1;1;0;0;0;0;0;0;0;0;0;0;2;0;0;51,6779438;3;5;0;0
299;22;-0,460634018;1;1;1;1;0;1;0;0;0;0;0;0;2;0;1;38,79957873;3;4;0;0
300;70;0,666586623;1;1;1;1;1;1;0;0;0;0;0;0;2;0;1;35,73482118;3;5;0;0
301;132;2,12257995;1;1;1;1;1;0;0;0;0;0;0;0;2;1;1;49,73230885;3;4;0;0
302;12;-0,695471652;1;1;0;0;0;0;1;1;0;0;0;0;2;1;1;53,29966904;5;5;0;1
303;39;-0,061410041;1;1;0;1;1;0;0;0;0;0;0;0;2;1;1;25,91320605;5;5;1;1
304;38;-0,084893805;0;0;0;1;1;1;0;0;0;0;0;0;2;1;1;53,81260043;4;3;0;1
305;73;0,737037913;1;1;0;1;1;0;0;0;0;0;0;0;2;1;1;56,72603124;5;5;1;1
306;76;0,807489203;1;0;1;1;0;1;1;0;1;0;0;0;2;1;1;32,53799375;1;3;0;1
307;12;-0,695471652;1;0;1;0;0;0;0;0;0;0;0;0;2;1;0;45,6125453;3;4;0;0
308;15;-0,625020362;0;0;0;1;1;0;0;0;0;0;0;0;2;1;0;25,95204879;5;5;1;3
309;234;4,517923812;0;0;0;1;1;0;0;0;0;0;0;0;2;1;1;46,06138642;5;5;1;2
310;102;1,41806705;0;0;0;1;1;1;0;0;0;0;0;0;2;1;1;27,5760396;4;5;0;0
311;11;-0,718955415;1;0;1;1;1;0;0;0;0;0;0;0;2;1;1;22,38100651;4;5;0;1
312;37;-0,108377568;1;1;0;1;1;0;0;0;0;0;0;0;2;1;1;30,31198751;5;5;0;0
313;132;2,12257995;1;1;0;1;1;0;0;0;0;0;0;0;2;1;1;58,17132109;5;5;0;0
314;147;2,4748364;1;1;0;1;1;0;0;0;0;0;0;0;2;1;0;64,52026388;5;5;0;0
315;98;1,324131996;0;0;0;1;0;1;1;0;1;0;0;0;2;1;0;55,97114859;2;3;0;0
316;34;-0,178828858;1;1;0;1;1;0;0;0;0;0;0;0;2;1;0;21,78018348;4;5;0;0
317;56;0,337813936;1;0;1;0;0;0;0;0;0;0;0;0;2;1;0;25,33464856;2;3;0;0
318;46;0,102976302;1;0;1;0;0;0;0;0;0;0;0;0;2;1;0;23,02557101;3;4;0;0
319;91;1,159745653;1;0;1;1;0;1;0;0;0;0;0;0;2;1;0;26,92902559;1;2;0;0
320;78;0,854456729;1;0;1;0;0;0;0;0;0;0;0;0;2;1;0;63,56244677;2;2;0;0
321;90;1,13626189;1;0;1;0;0;0;0;0;0;0;0;0;2;1;0;57,86107557;2;4;0;0
322;108;1,55896963;1;1;0;0;0;0;0;0;0;0;0;0;2;1;0;30,23090359;5;5;0;0
323;62;0,478716516;1;1;1;1;1;1;0;0;0;0;0;0;2;1;0;35,93841725;3;5;1;2
324;34;-0,178828858;0;0;0;1;1;0;0;0;0;0;0;0;2;1;0;56,75340048;5;5;0;0
325;149;2,521803927;1;1;1;0;0;0;0;0;0;0;0;0;2;1;0;61,31913643;2;3;0;0
326;8;-0,789406705;1;0;1;0;0;0;0;0;0;0;0;0;2;1;0;44,75529438;2;4;0;1
327;17;-0,578052835;1;1;0;1;0;1;0;0;0;0;0;0;2;1;0;30,14174751;1;1;0;0
328;32;-0,225796385;1;0;1;1;0;1;0;0;0;0;0;0;2;1;0;60,48098517;2;1;0;0
329;9;-0,765922942;0;0;0;1;1;0;1;1;0;1;1;0;2;1;0;51,77651641;5;5;0;0
330;9;-0,765922942;0;0;0;1;1;0;1;1;0;0;0;0;2;1;0;38,4897919;4;5;0;1
331;18;-0,554569071;1;1;0;0;0;0;0;0;0;1;1;0;2;1;0;22,38576244;5;5;0;1
332;11;-0,718955415;0;0;0;1;1;0;1;1;0;0;0;0;2;1;1;35,30680046;4;5;0;1
333;24;-0,413666491;0;0;0;1;0;1;0;0;0;0;0;0;2;1;1;18,60981604;2;1;0;0
334;22;-0,460634018;0;0;0;1;1;0;0;0;0;0;0;0;2;1;1;37,30775457;5;5;0;0
335;23;-0,437150255;0;0;0;1;1;0;1;0;1;0;0;0;2;1;1;26,04318873;1;1;0;1
336;44;0,056008776;0;0;0;1;0;1;0;0;0;0;0;0;2;1;1;18,32947004;2;1;0;2
337;25;-0,390182728;0;0;0;1;0;1;0;0;0;0;0;0;2;1;1;18,05954285;2;3;0;1
338;6;-0,836374232;1;0;1;1;0;1;0;0;0;0;0;0;2;1;0;48,69894808;3;1;0;0
339;6;-0,836374232;0;0;0;1;1;0;1;1;0;0;0;0;2;1;0;61,62139666;4;5;0;1
340;42;0,009041249;1;0;1;1;0;1;1;0;1;0;0;0;2;1;0;37,29278878;1;2;0;0
341;208;3,907345965;1;0;1;1;0;1;0;0;0;0;0;0;2;1;0;19,22374189;2;4;0;0
342;10;-0,742439178;1;0;1;0;0;0;0;0;0;0;0;0;2;1;0;39,75596659;2;1;0;0
343;14;-0,648504125;0;0;0;1;1;0;0;0;0;0;0;0;2;1;0;43,44889014;5;5;0;2
344;5;-0,859857995;1;1;0;0;0;0;0;0;0;0;0;0;2;1;0;56,62770535;3;4;0;1
345;8;-0,789406705;1;0;1;0;0;0;0;0;0;0;0;0;2;1;0;36,75111199;3;2;0;2
346;35;-0,155345095;1;0;1;0;0;0;1;0;1;1;0;1;2;1;0;50,03590619;1;1;0;0
347;21;-0,484117781;1;0;1;0;0;0;0;0;0;0;0;0;2;1;0;50,68947679;3;1;0;0
348;16;-0,601536598;0;0;0;1;0;1;0;0;0;0;0;0;2;1;1;43,19491791;2;5;0;0
349;14;-0,648504125;0;0;0;0;0;0;0;0;0;1;1;0;2;1;1;26,79692433;4;5;0;1
350;19;-0,531085308;1;1;0;1;0;1;0;0;0;0;0;0;2;1;1;34,33791469;3;2;0;0
351;59;0,408265226;0;0;0;1;1;0;0;0;0;0;0;0;0;1;1;21,90683768;5;5;0;1
352;59;0,408265226;0;0;0;1;0;1;0;0;0;0;0;0;0;1;1;61,40696514;2;1;0;0
353;48;0,149943829;0;0;0;1;1;0;0;0;0;0;0;0;0;1;1;29,85256093;5;5;0;2
354;9;-0,765922942;0;0;0;1;1;0;0;0;0;0;0;0;0;1;1;39,32440193;5;5;0;0
355;16;-0,601536598;1;0;1;0;0;0;0;0;0;0;0;0;0;1;0;38,92634911;3;4;0;1
356;41;-0,014442514;0;0;0;1;0;1;0;0;0;0;0;0;0;1;0;61,52920669;1;1;0;0
357;19;-0,531085308;1;1;0;0;0;0;0;0;0;0;0;0;0;1;0;20,41172456;4;5;0;1
358;48;0,149943829;1;0;1;1;1;0;0;0;0;0;0;0;0;1;0;31,26363135;2;4;0;0
359;18;-0,554569071;0;0;0;1;1;0;0;0;0;0;0;0;0;1;0;43,01356232;4;5;0;1
360;32;-0,225796385;0;0;0;1;1;0;1;1;0;0;0;0;0;1;0;51,20544723;5;5;0;0
361;53;0,267362646;0;0;0;1;1;1;0;0;0;0;0;0;0;1;1;43,34295895;4;5;1;1
362;53;0,267362646;0;0;0;1;0;1;0;0;0;1;0;1;0;1;1;34,13540848;1;2;0;0
363;124;1,934709843;0;0;0;1;1;0;0;0;0;0;0;0;0;1;1;42,19694923;5;5;0;0
364;43;0,032525012;0;0;0;1;1;0;1;1;0;1;1;0;0;1;1;30,25284185;5;5;1;1
365;69;0,643102859;1;0;1;1;1;0;0;0;0;0;0;0;0;1;1;60,40607815;3;5;0;0
366;14;-0,648504125;0;0;0;1;0;1;0;0;0;0;0;0;0;1;1;28,88941412;2;3;0;0
367;24;-0,413666491;0;0;0;1;1;0;0;0;0;0;0;0;0;1;1;37,21918456;4;5;0;1
368;59;0,408265226;0;0;0;1;1;0;0;0;0;0;0;0;0;1;1;47,18740733;4;5;1;1
369;27;-0,343215201;0;0;0;1;0;1;0;0;0;0;0;0;0;1;0;62,0270881;2;1;0;0
370;43;0,032525012;0;0;0;1;0;1;0;0;0;0;0;0;0;1;0;18,50781596;1;2;0;0
371;87;1,0658106;0;0;0;1;0;1;0;0;0;0;0;0;0;1;1;34,64493306;1;1;0;0
372;79;0,877940493;1;0;1;1;0;1;0;0;0;0;0;0;0;1;1;51,45646396;1;2;0;2
373;17;-0,578052835;1;1;0;1;1;0;0;0;0;0;0;0;0;1;1;56,93858765;5;5;0;0
374;36;-0,131861331;0;0;0;1;0;1;0;0;0;0;0;0;0;1;1;46,88101403;2;1;0;0
375;125;1,958193607;1;1;0;1;1;0;0;0;0;0;0;0;0;1;1;57,43418538;5;5;1;1
376;8;-0,789406705;0;0;0;1;1;0;0;0;0;0;0;0;0;1;0;57,46098624;4;5;1;1
377;88;1,089294363;0;0;0;1;0;1;0;0;0;0;0;0;0;1;0;63,7790298;1;3;0;0
378;26;-0,366698965;1;1;1;0;0;0;0;0;0;0;0;0;0;1;0;53,33634229;4;5;0;0
379;62;0,478716516;0;0;0;1;1;1;0;0;0;0;0;0;0;1;0;36,97627143;3;4;0;2
380;55;0,314330172;0;0;0;1;1;1;0;0;0;0;0;0;0;1;0;24,00331008;1;2;0;3
381;61;0,455232753;0;0;0;1;1;1;0;0;0;0;0;0;0;1;0;47,31326959;4;5;0;0
382;17;-0,578052835;0;0;0;1;0;1;0;0;0;0;0;0;0;1;0;57,18172115;2;1;0;0
383;68;0,619619096;0;0;0;1;0;1;1;0;1;0;0;0;0;1;0;41,3065416;1;1;0;0
384;12;-0,695471652;0;0;0;1;1;0;0;0;0;0;0;0;0;1;0;63,84206478;5;5;0;0
385;12;-0,695471652;1;0;1;1;0;1;0;0;0;0;0;0;0;1;0;57,84116768;1;1;0;1
386;140;2,310450057;0;0;0;1;0;1;0;0;0;1;0;1;0;1;0;51,71055518;1;1;0;1
387;54;0,290846409;0;0;0;1;0;1;0;0;0;1;0;1;0;1;0;22,91949846;1;1;0;0
388;100;1,371099523;0;0;0;1;1;0;1;1;0;0;0;0;0;1;0;19,79452011;5;5;0;1
389;16;-0,601536598;1;0;1;1;0;1;0;0;0;0;0;0;0;1;0;31,26660768;3;2;0;1
390;45;0,079492539;1;0;1;1;0;1;0;0;0;0;0;0;0;1;0;63,21393875;2;1;0;2
391;37;-0,108377568;0;0;0;1;0;1;0;0;0;0;0;0;0;1;0;18,52253208;1;1;0;0
392;14;-0,648504125;0;0;0;1;1;0;0;0;0;0;0;0;0;1;0;38,97354298;5;5;0;0
393;16;-0,601536598;0;0;0;1;1;0;0;0;0;0;0;0;0;1;0;40,74276444;5;5;0;1
394;14;-0,648504125;0;0;0;1;1;0;0;0;0;0;0;0;0;1;1;22,35209861;5;5;0;2
395;71;0,690070386;0;0;0;1;0;1;0;0;0;0;0;0;0;1;1;28,62417337;1;1;0;0
396;12;-0,695471652;1;1;0;1;1;0;0;0;0;0;0;0;0;1;1;52,12068026;4;5;0;1
397;61;0,455232753;1;1;1;1;1;0;0;0;0;0;0;0;0;1;1;20,4655882;4;4;0;0
398;36;-0,131861331;1;1;1;1;1;0;0;0;0;0;0;0;0;1;1;64,91215232;4;5;0;1
399;24;-0,413666491;0;0;0;1;0;1;0;0;0;0;0;0;0;1;1;24,55621656;3;2;0;0
400;53;0,267362646;0;0;0;1;1;0;1;1;0;0;0;0;0;1;0;51,26644113;5;5;0;1
401;22;-0,460634018;0;0;0;1;1;0;0;0;0;0;0;0;1;1;0;27,90572962;4;5;0;0
402;16;-0,601536598;0;0;0;1;1;0;1;1;0;0;0;0;1;1;0;25,2036456;5;5;0;1
403;11;-0,718955415;0;0;0;0;0;0;1;1;0;0;0;0;1;1;0;31,00994305;5;5;0;0
404;64;0,525684043;1;1;0;1;1;0;0;0;0;0;0;0;1;1;0;37,59544147;5;5;0;0
405;11;-0,718955415;0;0;0;1;1;0;0;0;0;0;0;0;1;1;0;46,9549326;3;4;0;0
406;107;1,535485867;0;0;0;1;1;0;1;1;0;0;0;0;1;1;0;58,48786658;4;5;0;0
407;11;-0,718955415;1;0;1;1;1;0;0;0;0;0;0;0;1;1;0;53,24834088;2;3;0;2
408;65;0,549167806;1;0;1;1;1;0;0;0;0;1;1;0;1;1;0;26,51599699;4;5;0;0
409;13;-0,671987888;0;0;0;1;1;0;0;0;0;0;0;0;1;1;0;63,2280611;4;5;0;0
410;8;-0,789406705;0;0;0;0;0;0;1;0;1;0;0;0;1;1;1;21,22873617;1;2;0;1
411;26;-0,366698965;1;1;0;1;1;0;0;0;0;0;0;0;1;1;1;51,43762956;4;5;0;1
412;70;0,666586623;1;0;1;0;0;0;0;0;0;0;0;0;1;1;1;42,18533779;2;4;0;0
413;24;-0,413666491;0;0;0;1;1;0;0;0;0;0;0;0;1;1;1;28,2885519;5;5;0;0
414;36;-0,131861331;0;0;0;1;1;0;0;0;0;0;0;0;1;1;1;19,6476057;5;5;0;1
415;7;-0,812890468;0;0;0;0;0;0;0;0;0;1;1;0;1;1;1;38,88383988;5;5;0;0
416;12;-0,695471652;0;0;0;1;1;0;1;1;0;0;0;0;1;1;1;20,42523613;5;5;0;0
417;40;-0,037926278;0;0;0;1;1;0;0;0;0;0;0;0;1;1;0;45,69934228;4;5;0;0
418;20;-0,507601545;1;0;1;1;1;0;0;0;0;0;0;0;1;1;0;42,98562815;2;3;0;0
419;39;-0,061410041;0;0;0;1;1;0;0;0;0;1;1;0;1;1;0;57,49324891;5;5;0;0
420;15;-0,625020362;0;0;0;1;0;1;0;0;0;0;0;0;1;1;0;47,4935757;2;1;0;0
421;36;-0,131861331;1;0;1;1;1;1;0;0;0;0;0;0;1;1;0;64,49123716;1;2;0;0
422;10;-0,742439178;0;0;0;1;0;1;0;0;0;0;0;0;1;1;0;46,67913093;1;1;0;2
423;43;0,032525012;1;1;0;1;1;0;0;0;0;0;0;0;1;1;1;33,98259095;4;5;0;1
424;25;-0,390182728;1;0;1;1;0;1;0;0;0;0;0;0;1;1;1;44,91055818;2;1;0;0
425;28;-0,319731438;1;0;1;0;0;0;0;0;0;0;0;0;1;1;1;19,03002454;1;2;0;0
426;29;-0,296247675;0;0;0;1;1;0;0;0;0;0;0;0;1;1;1;58,82648266;4;5;0;1
427;5;-0,859857995;0;0;0;1;1;0;1;1;0;0;0;0;1;1;1;32,77784458;5;5;0;0
428;57;0,361297699;1;0;1;1;1;0;0;0;0;0;0;0;1;1;1;23,54647586;3;4;0;1
429;68;0,619619096;0;0;0;1;1;0;1;1;0;0;0;0;1;1;1;49,45045382;5;4;0;1
430;59;0,408265226;1;1;0;1;1;0;0;0;0;0;0;0;1;1;1;34,7928042;5;5;0;0
431;26;-0,366698965;0;0;0;1;1;0;1;1;0;0;0;0;1;1;0;18,16676027;5;5;0;0
432;64;0,525684043;0;0;0;1;1;0;1;1;0;0;0;0;1;1;0;27,25874103;4;5;0;0
433;6;-0,836374232;0;0;0;1;0;1;1;1;0;0;0;0;1;1;1;62,93087413;2;1;0;0
434;22;-0,460634018;1;1;0;1;1;0;0;0;0;0;0;0;1;1;1;22,98414769;5;5;0;2
435;41;-0,014442514;0;0;0;1;1;0;1;1;0;0;0;0;1;1;1;37,65967672;5;5;0;0
436;23;-0,437150255;0;0;0;1;1;0;0;0;0;0;0;0;1;1;1;38,17070456;4;5;0;1
437;11;-0,718955415;0;0;0;1;1;1;0;0;0;0;0;0;1;1;1;54,67330605;3;5;0;1
438;10;-0,742439178;0;0;0;1;1;0;0;0;0;0;0;0;1;1;0;59,90047321;4;5;0;1
439;48;0,149943829;0;0;0;0;0;0;0;0;0;1;0;1;1;1;0;43,20120519;1;2;0;1
440;68;0,619619096;1;1;1;1;1;0;0;0;0;0;0;0;1;1;0;62,15598766;4;5;0;1
441;18;-0,554569071;0;0;0;1;1;0;0;0;0;1;1;0;1;1;0;48,23164308;5;5;0;1
442;9;-0,765922942;0;0;0;1;1;0;1;1;0;0;0;0;1;1;0;56,11734833;4;5;0;1
443;17;-0,578052835;0;0;0;1;1;0;1;1;0;0;0;0;1;1;0;25,07846768;3;4;0;0
444;48;0,149943829;1;0;0;0;0;0;1;1;0;0;0;0;1;1;0;55,10807024;4;5;1;0
445;67;0,596135333;1;0;1;1;1;0;0;0;0;0;0;0;1;1;0;49,29288183;2;4;0;0
446;51;0,220395119;0;0;0;1;1;0;0;0;0;0;0;0;1;1;0;50,95873255;4;5;0;0
447;12;-0,695471652;1;1;0;1;1;0;0;0;0;0;0;0;1;1;0;46,31481359;4;5;0;0
448;19;-0,531085308;0;0;0;1;1;1;0;0;0;0;0;0;1;1;0;42,93839473;4;5;0;1
449;32;-0,225796385;0;0;0;1;0;1;0;0;0;0;0;0;1;1;0;20,59359876;2;3;0;0
450;41;-0,014442514;0;0;0;1;0;1;0;0;0;0;0;0;1;1;0;47,88867012;2;1;0;0
451;20;-0,507601545;1;0;1;1;1;0;0;0;0;0;0;0;1;0;0;44,45220329;4;5;0;1
452;12;-0,695471652;1;1;0;0;0;0;1;1;0;0;0;0;1;0;0;50,1044598;4;5;0;1
453;70;0,666586623;1;0;1;1;0;1;1;0;1;0;0;0;1;0;0;48,93711442;2;4;0;0
454;68;0,619619096;1;0;1;1;1;0;0;0;0;0;0;0;1;0;0;47,58532771;3;4;0;0
455;61;0,455232753;1;0;1;1;1;0;0;0;0;0;0;0;1;0;0;20,93102006;4;5;0;1
456;13;-0,671987888;0;0;0;1;1;0;0;0;0;0;0;0;1;0;1;60,71066343;5;5;0;1
457;26;-0,366698965;0;0;0;1;1;0;0;0;0;0;0;0;1;0;1;36,16810499;4;5;0;0
458;21;-0,484117781;0;0;0;1;1;0;1;1;0;0;0;0;1;0;1;45,31824751;5;5;0;2
459;36;-0,131861331;0;0;0;1;1;1;0;0;0;0;0;0;1;0;1;23,42304427;4;4;0;2
460;84;0,99535931;1;0;1;1;1;0;1;1;0;0;0;0;1;0;1;51,61702944;3;5;0;1
461;67;0,596135333;1;1;1;1;1;0;0;0;0;0;0;0;1;0;1;61,47380853;4;5;0;0
462;64;0,525684043;0;0;0;1;1;0;0;0;0;1;1;0;1;0;0;58,87903983;4;4;0;0
463;11;-0,718955415;0;0;0;1;1;0;1;1;0;0;0;0;1;0;0;59,11114648;5;5;0;0
464;48;0,149943829;0;0;0;1;1;1;0;0;0;0;0;0;1;0;0;29,72690244;3;4;0;1
465;19;-0,531085308;1;1;0;0;0;0;1;1;0;0;0;0;1;0;0;44,24144594;5;5;0;0
466;66;0,572651569;1;1;1;1;1;0;1;1;0;0;0;0;1;0;0;40,84693091;4;5;0;0
467;19;-0,531085308;1;1;1;1;1;0;1;1;0;0;0;0;1;0;0;49,45369049;4;5;0;0
468;61;0,455232753;1;1;0;1;1;0;0;0;0;0;0;0;1;0;0;61,09227821;4;5;0;0
469;6;-0,836374232;0;0;0;1;1;0;0;0;0;0;0;0;1;0;0;42,13166058;3;4;0;3
470;25;-0,390182728;0;0;0;1;1;0;0;0;0;0;0;0;1;0;0;18,66500891;3;4;0;0
471;39;-0,061410041;0;0;0;1;1;1;0;0;0;0;0;0;1;0;0;48,24190752;4;4;0;1
472;57;0,361297699;1;1;0;1;1;1;0;0;0;0;0;0;1;0;1;24,88449163;5;4;0;0
473;29;-0,296247675;1;0;1;1;1;1;0;0;0;0;0;0;1;0;1;62,07254735;3;5;0;0
474;72;0,713554149;1;1;1;1;1;0;0;0;0;0;0;0;1;0;1;64,53674344;3;4;0;1
475;41;-0,014442514;1;0;1;0;0;0;0;0;0;0;0;0;1;0;1;21,48249818;2;3;0;1
476;28;-0,319731438;0;0;0;1;1;1;0;0;0;0;0;0;1;0;1;54,69070297;2;4;0;0
477;18;-0,554569071;1;0;1;1;1;0;0;0;0;0;0;0;1;0;1;58,59918512;2;3;0;0
478;19;-0,531085308;1;0;1;1;1;0;0;0;0;0;0;0;1;0;1;41,73200097;3;5;0;0
479;50;0,196911356;1;1;1;1;1;0;0;0;0;0;0;0;1;0;0;31,3026418;4;4;0;0
480;21;-0,484117781;1;1;1;1;1;0;0;0;0;0;0;0;1;0;0;52,56645798;3;4;0;0
481;16;-0,601536598;1;0;1;0;0;0;1;1;0;0;0;0;1;0;0;59,17737319;4;5;0;0
482;30;-0,272763911;1;1;0;1;1;0;1;1;0;0;0;0;1;0;0;26,30787715;4;5;0;0
483;65;0,549167806;1;1;1;1;1;0;0;0;0;0;0;0;1;0;0;55,11036812;4;4;0;1
484;13;-0,671987888;1;1;0;0;0;0;0;0;0;0;0;0;1;0;0;38,7222683;5;4;0;0
485;8;-0,789406705;1;1;0;0;0;0;0;0;0;0;0;0;1;0;1;28,61128336;4;4;0;0
486;9;-0,765922942;0;0;0;1;1;0;0;0;0;0;0;0;1;0;1;34,72316784;4;4;0;0
487;14;-0,648504125;1;1;0;1;1;0;0;0;0;0;0;0;1;0;1;44,91117346;3;5;0;0
488;57;0,361297699;1;1;1;1;1;0;1;1;0;0;0;0;1;0;1;59,1081187;3;5;0;0
489;87;1,0658106;1;1;1;1;1;0;0;0;0;0;0;0;1;0;1;63,71744835;3;4;0;0
490;44;0,056008776;0;0;0;1;1;0;0;0;0;0;0;0;1;0;1;45,0315478;4;4;0;0
491;22;-0,460634018;0;0;0;1;1;0;1;1;0;0;0;0;1;0;1;45,82999693;5;4;0;0
492;22;-0,460634018;1;0;1;1;1;0;0;0;0;0;0;0;1;0;1;50,07421635;2;3;0;0
493;18;-0,554569071;1;1;0;1;1;0;0;0;0;0;0;0;1;0;0;48,61708241;3;4;0;0
494;28;-0,319731438;1;1;1;1;1;0;1;1;0;0;0;0;1;0;0;54,52101351;3;4;0;0
495;16;-0,601536598;0;0;0;1;1;1;0;0;0;0;0;0;1;0;1;48,38071129;3;4;0;1
496;62;0,478716516;1;1;1;1;1;0;1;1;0;0;0;0;1;0;1;56,32543707;3;5;0;0
497;20;-0,507601545;0;0;0;1;1;0;0;0;0;0;0;0;1;0;1;41,10100995;3;4;0;2
498;28;-0,319731438;1;1;0;1;1;0;0;0;0;0;0;0;1;0;1;61,2994859;4;5;1;1
499;53;0,267362646;0;0;0;1;1;0;0;0;0;0;0;0;1;0;1;18,05329727;3;4;0;0
500;12;-0,695471652;1;1;0;1;1;0;0;0;0;0;0;0;1;0;0;29,96357376;5;5;1;1
501;35;-0,155345095;1;1;0;0;0;0;1;0;1;0;0;0;0;0;0;48,6208241;3;4;0;0
502;133;2,146063714;1;1;1;1;1;0;0;0;0;0;0;0;0;0;0;34,35152383;4;5;0;0
503;18;-0,554569071;1;1;1;1;1;0;0;0;0;0;0;0;0;0;0;62,80995314;4;5;0;1
504;21;-0,484117781;1;0;1;1;1;0;1;1;0;0;0;0;0;0;0;45,1872665;3;5;0;0
505;41;-0,014442514;1;1;1;0;0;0;0;0;0;0;0;0;0;0;0;55,72792028;4;5;0;0
506;50;0,196911356;1;0;1;1;1;0;0;0;0;0;0;0;0;0;0;62,23558983;4;4;1;1
507;31;-0,249280148;1;0;1;1;1;0;0;0;0;0;0;0;0;0;0;45,98390772;2;3;0;2
508;41;-0,014442514;1;0;1;1;1;0;0;0;0;0;0;0;0;0;0;20,81737256;4;5;0;0
509;6;-0,836374232;1;0;1;1;1;0;0;0;0;0;0;0;0;0;0;52,39570696;2;4;0;0
510;20;-0,507601545;1;0;1;1;1;0;0;0;0;0;0;0;0;0;0;29,00802683;2;5;0;0
511;93;1,20671318;1;1;1;1;1;0;1;1;0;0;0;0;0;0;0;32,297308;3;5;0;1
512;11;-0,718955415;1;0;1;1;1;0;1;1;0;0;0;0;0;0;0;61,23603606;3;4;0;0
513;65;0,549167806;1;0;1;1;1;0;1;1;0;0;0;0;0;0;0;53,47621514;4;5;0;1
514;24;-0,413666491;1;1;0;1;1;0;1;1;0;0;0;0;0;0;0;62,14967751;4;5;0;0
515;84;0,99535931;1;1;1;1;1;0;0;0;0;0;0;0;0;0;0;46,43596292;3;4;0;0
516;82;0,948391783;1;0;1;1;1;0;0;0;0;0;0;0;0;0;0;54,31635073;3;4;0;0
517;12;-0,695471652;1;1;1;1;1;0;0;0;0;0;0;0;0;0;0;46,49716343;4;4;0;0
518;14;-0,648504125;0;0;0;1;1;0;1;1;0;0;0;0;0;0;1;41,07210005;4;5;0;0
519;23;-0,437150255;1;0;1;1;1;0;0;0;0;0;0;0;0;0;1;20,52676064;4;5;0;0
520;49;0,173427592;0;0;0;1;1;0;0;0;0;0;0;0;0;0;1;45,93321958;4;5;0;1
521;11;-0,718955415;1;1;0;1;1;0;0;0;0;0;0;0;0;0;1;61,8603409;5;5;0;0
522;12;-0,695471652;1;1;0;1;1;0;0;0;0;0;0;0;0;0;1;29,11382156;4;4;1;1
523;27;-0,343215201;1;1;0;1;1;0;1;1;0;0;0;0;0;0;1;43,43333137;5;4;0;0
524;29;-0,296247675;1;0;1;1;1;0;0;0;0;0;0;0;0;0;0;32,14252084;5;5;0;0
525;22;-0,460634018;1;1;1;1;1;0;1;1;0;0;0;0;0;0;0;30,74550155;3;4;0;1
526;24;-0,413666491;1;0;1;1;1;0;0;0;0;0;0;0;0;0;0;35,9570418;2;4;0;0
527;38;-0,084893805;1;1;1;1;1;0;0;0;0;0;0;0;0;0;0;51,71403601;3;5;0;1
528;39;-0,061410041;1;0;1;0;0;0;0;0;0;0;0;0;0;0;0;23,01313243;2;4;0;0
529;50;0,196911356;0;0;0;1;1;1;0;0;0;0;0;0;0;0;0;58,31587519;2;4;0;1
530;55;0,314330172;1;1;1;1;1;0;0;0;0;0;0;0;0;0;0;43,35093599;4;5;0;0
531;12;-0,695471652;1;1;1;1;1;0;0;0;0;0;0;0;0;0;0;41,5354997;4;4;0;0
532;59;0,408265226;1;0;1;1;1;1;0;0;0;0;0;0;0;0;0;39,14573358;3;4;0;0
533;45;0,079492539;1;0;1;1;1;0;1;1;0;0;0;0;0;0;0;28,51776381;2;4;0;0
534;18;-0,554569071;1;1;0;1;1;0;0;0;0;0;0;0;0;0;1;42,46461913;4;5;0;0
535;25;-0,390182728;0;0;0;1;1;0;1;1;0;0;0;0;0;0;1;62,14570007;5;5;0;0
536;25;-0,390182728;1;0;1;1;1;0;0;0;0;0;0;0;0;0;1;47,01575281;5;5;0;0
537;18;-0,554569071;1;1;0;1;1;0;0;0;0;1;0;1;0;0;1;49,49179417;3;4;0;0
538;51;0,220395119;1;1;1;0;0;0;0;0;0;0;0;0;0;0;1;61,98634986;4;4;0;1
539;126;1,98167737;1;1;1;1;1;0;1;0;1;0;0;0;0;0;1;62,0614139;5;5;0;1
540;34;-0,178828858;0;0;0;1;1;0;0;0;0;0;0;0;0;0;1;42,95112446;3;4;0;0
541;19;-0,531085308;1;1;1;1;1;0;0;0;0;0;0;0;0;0;0;62,38886725;3;4;0;0
542;32;-0,225796385;1;1;0;1;1;0;1;1;0;0;0;0;0;0;0;25,33884334;5;5;1;1
543;28;-0,319731438;1;1;1;1;1;0;0;0;0;0;0;0;0;0;0;54,32674277;4;5;0;0
544;20;-0,507601545;1;1;0;1;1;0;0;0;0;0;0;0;0;0;0;30,85806367;4;5;0;2
545;113;1,676388447;1;1;1;1;1;0;0;0;0;0;0;0;0;0;0;60,0751553;5;5;0;1
546;50;0,196911356;1;1;0;1;1;0;1;1;0;0;0;0;0;0;0;28,81354539;4;5;1;1
547;60;0,431748989;0;0;0;1;1;1;0;0;0;0;0;0;0;0;1;31,94565554;5;5;1;1
548;24;-0,413666491;1;1;0;1;1;0;1;1;0;0;0;0;0;0;1;62,91467234;4;5;1;1
549;126;1,98167737;1;1;0;1;1;0;0;0;0;0;0;0;0;0;1;36,08479865;5;5;1;1
550;23;-0,437150255;0;0;0;1;1;0;1;0;1;0;0;0;0;0;1;21,95017229;3;5;0;1
551;23;-0,437150255;1;1;1;1;1;1;0;0;0;0;0;0;2;0;0;31,70053363;4;5;0;0
552;17;-0,578052835;1;1;0;1;1;0;1;0;1;0;0;0;2;0;0;49,48441066;3;5;0;0
553;38;-0,084893805;1;1;0;1;1;1;0;0;0;0;0;0;2;0;0;54,58301586;5;5;0;0
554;7;-0,812890468;0;0;0;1;1;0;1;1;0;0;0;0;2;0;0;57,39897746;5;5;0;0
555;14;-0,648504125;1;1;0;1;1;0;0;0;0;1;1;0;2;0;0;36,94797384;5;5;0;0
556;51;0,220395119;1;1;0;1;1;1;0;0;0;0;0;0;2;0;0;63,02793266;4;5;0;0
557;39;-0,061410041;1;1;0;1;1;0;0;0;0;0;0;0;2;0;0;36,27708717;5;5;0;0
558;282;5,645144453;1;1;0;1;1;1;0;0;0;0;0;0;2;0;0;36,65522701;4;5;0;0
559;13;-0,671987888;1;1;0;0;0;0;0;0;0;0;0;0;2;0;1;31,00691889;5;5;0;0
560;22;-0,460634018;1;1;0;1;0;1;0;0;0;0;0;0;2;0;1;57,66395714;4;4;0;0
561;24;-0,413666491;1;1;0;1;1;0;0;0;0;0;0;0;2;0;1;49,37719397;5;4;0;0
562;11;-0,718955415;1;1;0;0;0;0;0;0;0;0;0;0;2;0;1;33,90016872;5;5;0;2
563;28;-0,319731438;1;1;0;1;1;0;1;1;0;0;0;0;2;0;1;56,69709797;3;4;0;0
564;41;-0,014442514;0;0;0;1;1;1;1;1;0;0;0;0;2;0;1;60,38411367;4;4;0;0
565;22;-0,460634018;1;1;0;0;0;0;0;0;0;0;0;0;2;0;1;23,91929681;5;5;1;1
566;16;-0,601536598;1;1;0;1;1;1;0;0;0;0;0;0;2;0;0;57,26794747;5;4;1;1
567;41;-0,014442514;0;0;0;1;1;1;0;0;0;0;0;0;2;0;1;24,77998056;5;5;1;1
568;19;-0,531085308;1;1;0;0;0;0;1;1;0;0;0;0;2;0;0;23,8948486;5;4;0;1
569;7;-0,812890468;1;1;0;1;1;0;1;1;0;0;0;0;2;0;1;29,86772604;5;4;0;0
570;22;-0,460634018;1;1;0;1;1;0;0;0;0;0;0;0;2;0;0;20,48764715;5;5;0;0
571;55;0,314330172;0;0;0;1;1;1;0;0;0;0;0;0;2;0;1;45,60272396;3;4;0;0
572;15;-0,625020362;1;1;0;0;0;0;0;0;0;0;0;0;2;0;0;45,53777052;4;5;0;1
573;35;-0,155345095;1;1;0;1;1;1;0;0;0;1;1;0;2;0;1;28,62574914;5;5;0;1
574;28;-0,319731438;1;1;0;1;1;1;0;0;0;0;0;0;2;0;0;57,76371737;2;5;0;0
575;2;-0,930309285;1;1;0;0;0;0;0;0;0;0;0;0;2;0;0;40,08518192;4;5;0;0
576;13;-0,671987888;1;1;0;0;0;0;0;0;0;0;0;0;2;0;0;62,57221629;5;5;0;1
577;28;-0,319731438;1;1;0;1;1;1;0;0;0;0;0;0;2;0;0;45,38043431;3;4;0;0
578;42;0,009041249;1;1;0;1;1;1;0;0;0;0;0;0;2;0;0;26,07461808;4;5;0;0
579;57;0,361297699;0;0;0;1;1;1;0;0;0;0;0;0;2;0;0;27,90125507;4;5;0;1
580;115;1,723355973;1;1;1;1;1;0;1;1;0;0;0;0;2;0;1;23,20556216;3;5;0;1
581;19;-0,531085308;1;1;0;1;0;1;0;0;0;0;0;0;2;0;1;43,81045305;4;4;0;0
582;34;-0,178828858;1;1;0;1;1;0;0;0;0;0;0;0;2;0;1;43,23981016;4;5;0;1
583;133;2,146063714;1;1;0;1;1;1;0;0;0;0;0;0;2;0;1;34,03692195;2;4;0;0
584;117;1,7703235;0;0;0;1;1;1;0;0;0;0;0;0;2;0;1;64,02273024;3;5;0;0
585;15;-0,625020362;1;1;0;1;1;0;0;0;0;0;0;0;2;0;1;60,4710774;5;5;1;1
586;27;-0,343215201;1;1;1;1;1;0;0;0;0;0;0;0;2;0;1;51,75439147;3;5;0;1
587;13;-0,671987888;1;1;0;1;1;1;0;0;0;0;0;0;2;0;1;26,67826363;4;5;0;1
588;80;0,901424256;1;1;1;1;1;1;0;0;0;0;0;0;2;0;1;56,98275711;2;4;0;0
589;44;0,056008776;0;0;0;1;1;0;0;0;0;0;0;0;2;0;0;35,84419807;3;4;0;0
590;20;-0,507601545;1;1;0;1;0;1;0;0;0;0;0;0;2;0;0;31,66678518;2;4;0;0
591;109;1,582453393;1;1;1;1;1;1;0;0;0;0;0;0;2;0;0;39,73292176;4;3;0;0
592;44;0,056008776;1;1;1;1;1;0;0;0;0;0;0;0;2;0;0;24,03406886;4;5;0;1
593;32;-0,225796385;0;0;0;1;1;0;0;0;0;0;0;0;2;0;0;53,68074603;5;5;0;0
594;48;0,149943829;1;1;1;1;1;0;0;0;0;0;0;0;2;0;0;36,56427524;4;4;0;0
595;69;0,643102859;1;0;0;1;1;0;0;0;0;0;0;0;2;0;0;26,22307581;4;5;1;1
596;38;-0,084893805;1;1;1;1;1;0;1;0;1;0;0;0;2;0;0;58,8509808;5;5;1;1
597;65;0,549167806;1;1;1;0;0;0;1;0;1;0;0;0;2;0;1;55,46028893;3;5;0;0
598;79;0,877940493;1;1;1;1;1;0;0;0;0;0;0;0;2;0;1;64,13974806;3;4;0;0
599;14;-0,648504125;1;1;0;1;1;0;0;0;0;0;0;0;2;0;1;27,70696137;5;4;0;0
600;93;1,20671318;1;1;1;1;1;1;0;0;0;0;0;0;2;0;1;51,47333458;3;5;0;0
